n_neurons_0;n_neurons_1;n_neurons_2;activation;lr;regularization
71;43;215;relu;0.005190670930789867;0.0023787393430799403
